{
  "checkpoint": "checkpoints/best.pt",
  "trained_epochs": 3,
  "test_set": "official speech_commands_test_set_v0.02",
  "n_test": 4890,
  "accuracy": 0.9537832310838446,
  "macro_f1": 0.9535491997697852,
  "per_class": {
    "silence": {
      "precision": 0.9645390070921985,
      "recall": 1.0,
      "f1-score": 0.9819494584837545,
      "support": 408.0
    },
    "unknown": {
      "precision": 0.8866498740554156,
      "recall": 0.8627450980392157,
      "f1-score": 0.8745341614906832,
      "support": 408.0
    },
    "yes": {
      "precision": 0.988009592326139,
      "recall": 0.9832935560859188,
      "f1-score": 0.9856459330143541,
      "support": 419.0
    },
    "no": {
      "precision": 0.9383886255924171,
      "recall": 0.9777777777777777,
      "f1-score": 0.9576783555018138,
      "support": 405.0
    },
    "up": {
      "precision": 0.9437939110070258,
      "recall": 0.9482352941176471,
      "f1-score": 0.9460093896713615,
      "support": 425.0
    },
    "down": {
      "precision": 0.9671717171717171,
      "recall": 0.9433497536945813,
      "f1-score": 0.9551122194513716,
      "support": 406.0
    },
    "left": {
      "precision": 0.96875,
      "recall": 0.9781553398058253,
      "f1-score": 0.9734299516908212,
      "support": 412.0
    },
    "right": {
      "precision": 0.9718670076726342,
      "recall": 0.9595959595959596,
      "f1-score": 0.96569250317662,
      "support": 396.0
    },
    "on": {
      "precision": 0.9516539440203562,
      "recall": 0.9444444444444444,
      "f1-score": 0.9480354879594424,
      "support": 396.0
    },
    "off": {
      "precision": 0.94,
      "recall": 0.9353233830845771,
      "f1-score": 0.9376558603491272,
      "support": 402.0
    },
    "stop": {
      "precision": 0.9852941176470589,
      "recall": 0.9781021897810219,
      "f1-score": 0.9816849816849816,
      "support": 411.0
    },
    "go": {
      "precision": 0.9375,
      "recall": 0.9328358208955224,
      "f1-score": 0.9351620947630923,
      "support": 402.0
    }
  },
  "confusion_matrix": [
    [
      408,
      0,
      0,
      0,
      0,
      0,
      0,
      0,
      0,
      0,
      0,
      0
    ],
    [
      2,
      352,
      2,
      5,
      6,
      5,
      5,
      9,
      8,
      5,
      2,
      7
    ],
    [
      1,
      4,
      412,
      0,
      0,
      0,
      2,
      0,
      0,
      0,
      0,
      0
    ],
    [
      0,
      0,
      0,
      396,
      0,
      3,
      1,
      0,
      0,
      0,
      0,
      5
    ],
    [
      2,
      7,
      0,
      0,
      403,
      0,
      0,
      0,
      4,
      6,
      3,
      0
    ],
    [
      1,
      5,
      1,
      8,
      0,
      383,
      0,
      2,
      1,
      0,
      0,
      5
    ],
    [
      1,
      5,
      1,
      0,
      1,
      1,
      403,
      0,
      0,
      0,
      0,
      0
    ],
    [
      1,
      10,
      0,
      1,
      1,
      0,
      2,
      380,
      0,
      1,
      0,
      0
    ],
    [
      3,
      5,
      0,
      0,
      3,
      0,
      1,
      0,
      374,
      8,
      0,
      2
    ],
    [
      1,
      4,
      0,
      0,
      11,
      0,
      0,
      0,
      5,
      376,
      1,
      4
    ],
    [
      0,
      2,
      0,
      0,
      1,
      2,
      0,
      0,
      0,
      2,
      402,
      2
    ],
    [
      3,
      3,
      1,
      12,
      1,
      2,
      2,
      0,
      1,
      2,
      0,
      375
    ]
  ],
  "n_parameters": 119372,
  "weight_file_mb": 0.506619,
  "cpu_latency": {
    "mean_ms": 1.8594329250845476,
    "p50_ms": 1.8418545005260967,
    "p95_ms": 1.9583475965191608,
    "runs": 200,
    "threads": 1
  }
}